rome|fap|pcs2
A1101|A0Z43|691a
A1201|A0Z42|533b
A1201|A0Z42|691f
A1204|A0Z42|533b
A1204|A0Z42|691f
A1205|A0Z42|533b
A1205|A0Z42|691f
A1202|A1Z41|631a
A1203|A1Z41|631a
F1101|A1Z41|631a
A1204|G1Z70|486a
A1204|G1Z70|477b
A1204|G1Z70|486b
A1204|G1Z70|477c
A1204|G1Z70|486c
A1204|G1Z70|477d
A1204|G1Z70|486d
B1604|G1Z70|486a
B1604|G1Z70|477b
B1604|G1Z70|486b
B1604|G1Z70|477c
B1604|G1Z70|486c
B1604|G1Z70|477d
B1604|G1Z70|486d
H1101|G1Z70|486a
H1101|G1Z70|477b
H1101|G1Z70|486b
H1101|G1Z70|477c
H1101|G1Z70|486c
H1101|G1Z70|477d
H1101|G1Z70|486d
H1208|G1Z70|486a
H1208|G1Z70|477b
H1208|G1Z70|486b
H1208|G1Z70|477c
H1208|G1Z70|486c
H1208|G1Z70|477d
H1208|G1Z70|486d
H1303|G1Z70|486a
H1303|G1Z70|477b
H1303|G1Z70|486b
H1303|G1Z70|477c
H1303|G1Z70|486c
H1303|G1Z70|477d
H1303|G1Z70|486d
I1301|G1Z70|486a
I1301|G1Z70|477b
I1301|G1Z70|486b
I1301|G1Z70|477c
I1301|G1Z70|486c
I1301|G1Z70|477d
I1301|G1Z70|486d
I1302|G1Z70|486a
I1302|G1Z70|477b
I1302|G1Z70|486b
I1302|G1Z70|477c
I1302|G1Z70|486c
I1302|G1Z70|477d
I1302|G1Z70|486d
I1304|G1Z70|486a
I1304|G1Z70|477b
I1304|G1Z70|486b
I1304|G1Z70|477c
I1304|G1Z70|486c
I1304|G1Z70|477d
I1304|G1Z70|486d
I1305|G1Z70|486a
I1305|G1Z70|477b
I1305|G1Z70|486b
I1305|G1Z70|477c
I1305|G1Z70|486c
I1305|G1Z70|477d
I1305|G1Z70|486d
I1306|G1Z70|486a
I1306|G1Z70|477b
I1306|G1Z70|486b
I1306|G1Z70|477c
I1306|G1Z70|486c
I1306|G1Z70|477d
I1306|G1Z70|486d
I1307|G1Z70|486a
I1307|G1Z70|477b
I1307|G1Z70|486b
I1307|G1Z70|477c
I1307|G1Z70|486c
I1307|G1Z70|477d
I1307|G1Z70|486d
I1308|G1Z70|486a
I1308|G1Z70|477b
I1308|G1Z70|486b
I1308|G1Z70|477c
I1308|G1Z70|486c
I1308|G1Z70|477d
I1308|G1Z70|486d
I1309|G1Z70|486a
I1309|G1Z70|477b
I1309|G1Z70|486b
I1309|G1Z70|477c
I1309|G1Z70|486c
I1309|G1Z70|477d
I1309|G1Z70|486d
I1310|G1Z70|486a
I1310|G1Z70|477b
I1310|G1Z70|486b
I1310|G1Z70|477c
I1310|G1Z70|486c
I1310|G1Z70|477d
I1310|G1Z70|486d
I1503|G1Z70|486a
I1503|G1Z70|477b
I1503|G1Z70|486b
I1503|G1Z70|477c
I1503|G1Z70|486c
I1503|G1Z70|477d
I1503|G1Z70|486d
I1601|G1Z70|486a
I1601|G1Z70|477b
I1601|G1Z70|486b
I1601|G1Z70|477c
I1601|G1Z70|486c
I1601|G1Z70|477d
I1601|G1Z70|486d
I1602|G1Z70|486a
I1602|G1Z70|477b
I1602|G1Z70|486b
I1602|G1Z70|477c
I1602|G1Z70|486c
I1602|G1Z70|477d
I1602|G1Z70|486d
I1603|G1Z70|486a
I1603|G1Z70|477b
I1603|G1Z70|486b
I1603|G1Z70|477c
I1603|G1Z70|486c
I1603|G1Z70|477d
I1603|G1Z70|486d
I1604|G1Z70|486a
I1604|G1Z70|477b
I1604|G1Z70|486b
I1604|G1Z70|477c
I1604|G1Z70|486c
I1604|G1Z70|477d
I1604|G1Z70|486d
I1605|G1Z70|486a
I1605|G1Z70|477b
I1605|G1Z70|486b
I1605|G1Z70|477c
I1605|G1Z70|486c
I1605|G1Z70|477d
I1605|G1Z70|486d
I1607|G1Z70|486a
I1607|G1Z70|477b
I1607|G1Z70|486b
I1607|G1Z70|477c
I1607|G1Z70|486c
I1607|G1Z70|477d
I1607|G1Z70|486d
K2301|G1Z70|486a
K2301|G1Z70|477b
K2301|G1Z70|486b
K2301|G1Z70|477c
K2301|G1Z70|486c
K2301|G1Z70|477d
K2301|G1Z70|486d
A1204|H0Z91|387e
A1204|H0Z91|387f
H1101|H0Z91|387e
H1101|H0Z91|387f
H1302|H0Z91|387e
H1302|H0Z91|387f
I1102|H0Z91|387e
I1102|H0Z91|387f
K2302|H0Z91|387e
K2302|H0Z91|387f
K2306|H0Z91|387e
K2306|H0Z91|387f
A1301|A2Z70|471a
A1301|A2Z70|480a
A1301|A2Z70|471b
A1302|A2Z70|471a
A1302|A2Z70|480a
A1302|A2Z70|471b
A1303|A2Z70|471a
A1303|A2Z70|480a
A1303|A2Z70|471b
A1416|A2Z70|471a
A1416|A2Z70|480a
A1416|A2Z70|471b
A1301|A2Z90|381a
A1301|A2Z90|381b
A1301|A2Z90|381c
A1302|A2Z90|381a
A1302|A2Z90|381b
A1302|A2Z90|381c
A1303|A2Z90|381a
A1303|A2Z90|381b
A1303|A2Z90|381c
A1401|A1Z42|691d
A1405|A1Z42|691d
A1402|A1Z40|691c
A1414|A1Z40|691c
A1403|A0Z41|691b
A1407|A0Z41|691b
A1408|A0Z41|691b
A1409|A0Z41|691b
A1410|A0Z41|691b
A1411|A0Z41|691b
A1404|A3Z40|692a
A1415|A3Z40|692a
A1417|A3Z40|692a
A1406|A3Z90|480b
A1406|A3Z90|389c
N3101|A3Z90|480b
N3101|A3Z90|389c
N3102|A3Z90|480b
N3102|A3Z90|389c
A1412|E0Z21|674b
A1412|E0Z21|674c
A1413|E0Z21|674b
A1413|E0Z21|674c
H2101|E0Z21|674b
H2101|E0Z21|674c
H2102|E0Z21|674b
H2102|E0Z21|674c
A1412|E1Z42|625e
A1412|E1Z42|625f
A1412|E1Z42|625g
A1413|E1Z42|625e
A1413|E1Z42|625f
A1413|E1Z42|625g
H2102|E1Z42|625e
H2102|E1Z42|625f
H2102|E1Z42|625g
A1416|A0Z40|691e
A1501|V0Z60|526a
A1501|V0Z60|526b
A1501|V0Z60|526c
A1501|V0Z60|526d
J1303|V0Z60|526a
J1303|V0Z60|526b
J1303|V0Z60|526c
J1303|V0Z60|526d
J1304|V0Z60|526a
J1304|V0Z60|526b
J1304|V0Z60|526c
J1304|V0Z60|526d
J1501|V0Z60|526a
J1501|V0Z60|526b
J1501|V0Z60|526c
J1501|V0Z60|526d
K1301|V0Z60|526a
K1301|V0Z60|526b
K1301|V0Z60|526c
K1301|V0Z60|526d
A1502|K0Z40|210x
A1502|K0Z40|637b
A1502|K0Z40|217d
A1502|K0Z40|637d
A1502|K0Z40|214e
A1502|K0Z40|214f
A1503|K0Z40|210x
A1503|K0Z40|637b
A1503|K0Z40|217d
A1503|K0Z40|637d
A1503|K0Z40|214e
A1503|K0Z40|214f
B1302|K0Z40|210x
B1302|K0Z40|637b
B1302|K0Z40|217d
B1302|K0Z40|637d
B1302|K0Z40|214e
B1302|K0Z40|214f
B1303|K0Z40|210x
B1303|K0Z40|637b
B1303|K0Z40|217d
B1303|K0Z40|637d
B1303|K0Z40|214e
B1303|K0Z40|214f
B1401|K0Z40|210x
B1401|K0Z40|637b
B1401|K0Z40|217d
B1401|K0Z40|637d
B1401|K0Z40|214e
B1401|K0Z40|214f
B1402|K0Z40|210x
B1402|K0Z40|637b
B1402|K0Z40|217d
B1402|K0Z40|637d
B1402|K0Z40|214e
B1402|K0Z40|214f
B1501|K0Z40|210x
B1501|K0Z40|637b
B1501|K0Z40|217d
B1501|K0Z40|637d
B1501|K0Z40|214e
B1501|K0Z40|214f
B1601|K0Z40|210x
B1601|K0Z40|637b
B1601|K0Z40|217d
B1601|K0Z40|637d
B1601|K0Z40|214e
B1601|K0Z40|214f
B1603|K0Z40|210x
B1603|K0Z40|637b
B1603|K0Z40|217d
B1603|K0Z40|637d
B1603|K0Z40|214e
B1603|K0Z40|214f
B1701|K0Z40|210x
B1701|K0Z40|637b
B1701|K0Z40|217d
B1701|K0Z40|637d
B1701|K0Z40|214e
B1701|K0Z40|214f
D1205|K0Z40|210x
D1205|K0Z40|637b
D1205|K0Z40|217d
D1205|K0Z40|637d
D1205|K0Z40|214e
D1205|K0Z40|214f
A1502|K0Z20|685a
A1503|K0Z20|685a
B1302|K0Z20|685a
B1303|K0Z20|685a
B1401|K0Z20|685a
B1402|K0Z20|685a
B1501|K0Z20|685a
B1601|K0Z20|685a
B1603|K0Z20|685a
B1701|K0Z20|685a
D1205|K0Z20|685a
A1504|V2Z92|311e
B1101|U1Z93|354a
B1201|E1Z43|637a
B1201|E1Z43|626b
B1201|E1Z43|625h
B1602|E1Z43|637a
B1602|E1Z43|626b
B1602|E1Z43|625h
F1706|E1Z43|637a
F1706|E1Z43|626b
F1706|E1Z43|625h
H2801|E1Z43|637a
H2801|E1Z43|626b
H2801|E1Z43|625h
H2802|E1Z43|637a
H2802|E1Z43|626b
H2802|E1Z43|625h
H2803|E1Z43|637a
H2803|E1Z43|626b
H2803|E1Z43|625h
H2907|E1Z43|637a
H2907|E1Z43|626b
H2907|E1Z43|625h
B1301|U1Z82|465a
B1805|U1Z82|465a
E1104|U1Z82|465a
E1205|U1Z82|465a
F1102|U1Z82|465a
H1204|U1Z82|465a
B1604|G0A40|628a
B1604|G0A40|634d
I1310|G0A40|628a
I1310|G0A40|634d
I1601|G0A40|628a
I1601|G0A40|634d
I1602|G0A40|628a
I1602|G0A40|634d
I1605|G0A40|628a
I1605|G0A40|634d
B1801|F1Z41|213a
B1801|F1Z41|635a
B1802|F1Z41|213a
B1802|F1Z41|635a
B1803|F1Z41|213a
B1803|F1Z41|635a
B1804|F1Z41|213a
B1804|F1Z41|635a
D1206|F1Z41|213a
D1206|F1Z41|635a
D1207|F1Z41|213a
D1207|F1Z41|635a
B1801|F0Z20|675a
B1802|F0Z20|675a
B1803|F0Z20|675a
D1206|F0Z20|675a
D1207|F0Z20|675a
H2401|F0Z20|675a
H2402|F0Z20|675a
H2403|F0Z20|675a
H2404|F0Z20|675a
H2405|F0Z20|675a
H2406|F0Z20|675a
H2407|F0Z20|675a
H2408|F0Z20|675a
H2409|F0Z20|675a
H2410|F0Z20|675a
H2411|F0Z20|675a
H2413|F0Z20|675a
H2414|F0Z20|675a
H2415|F0Z20|675a
K2201|F0Z20|675a
B1806|F2Z20|675b
H2201|F2Z20|675b
H2202|F2Z20|675b
H2205|F2Z20|675b
H2207|F2Z20|675b
H2208|F2Z20|675b
B1806|F3Z40|214a
B1806|F3Z40|214b
H2207|F3Z40|214a
H2207|F3Z40|214b
H2208|F3Z40|214a
H2208|F3Z40|214b
C1101|Q2Z91|226a
C1101|Q2Z91|376e
C1101|Q2Z91|376f
C1103|Q2Z91|226a
C1103|Q2Z91|376e
C1103|Q2Z91|376f
C1104|Q2Z91|226a
C1104|Q2Z91|376e
C1104|Q2Z91|376f
C1105|Q2Z91|226a
C1105|Q2Z91|376e
C1105|Q2Z91|376f
C1106|Q2Z91|226a
C1106|Q2Z91|376e
C1106|Q2Z91|376f
C1107|Q2Z91|226a
C1107|Q2Z91|376e
C1107|Q2Z91|376f
C1108|Q2Z91|226a
C1108|Q2Z91|376e
C1108|Q2Z91|376f
C1102|Q1Z81|467c
C1102|Q1Z81|467d
C1103|Q1Z81|467c
C1103|Q1Z81|467d
C1105|Q1Z81|467c
C1105|Q1Z81|467d
C1106|Q1Z81|467c
C1106|Q1Z81|467d
C1107|Q1Z81|467c
C1107|Q1Z81|467d
C1109|Q1Z81|467c
C1109|Q1Z81|467d
C1110|Q1Z81|467c
C1110|Q1Z81|467d
C1102|Q0Z60|545a
C1102|Q0Z60|545b
C1102|Q0Z60|545c
C1102|Q0Z60|545d
C1109|Q0Z60|545a
C1109|Q0Z60|545b
C1109|Q0Z60|545c
C1109|Q0Z60|545d
C1201|Q0Z60|545a
C1201|Q0Z60|545b
C1201|Q0Z60|545c
C1201|Q0Z60|545d
C1206|Q0Z60|545a
C1206|Q0Z60|545b
C1206|Q0Z60|545c
C1206|Q0Z60|545d
C1401|Q0Z60|545a
C1401|Q0Z60|545b
C1401|Q0Z60|545c
C1401|Q0Z60|545d
C1201|Q1Z80|467a
C1201|Q1Z80|467b
C1202|Q1Z80|467a
C1202|Q1Z80|467b
C1203|Q1Z80|467a
C1203|Q1Z80|467b
C1205|Q1Z80|467a
C1205|Q1Z80|467b
C1206|Q1Z80|467a
C1206|Q1Z80|467b
C1302|Q1Z80|467a
C1302|Q1Z80|467b
C1202|Q2Z90|376a
C1202|Q2Z90|376b
C1202|Q2Z90|376c
C1202|Q2Z90|376d
C1203|Q2Z90|376a
C1203|Q2Z90|376b
C1203|Q2Z90|376c
C1203|Q2Z90|376d
C1204|Q2Z90|376a
C1204|Q2Z90|376b
C1204|Q2Z90|376c
C1204|Q2Z90|376d
C1205|Q2Z90|376a
C1205|Q2Z90|376b
C1205|Q2Z90|376c
C1205|Q2Z90|376d
C1207|Q2Z90|376a
C1207|Q2Z90|376b
C1207|Q2Z90|376c
C1207|Q2Z90|376d
C1301|Q2Z90|376a
C1301|Q2Z90|376b
C1301|Q2Z90|376c
C1301|Q2Z90|376d
C1302|Q2Z90|376a
C1302|Q2Z90|376b
C1302|Q2Z90|376c
C1302|Q2Z90|376d
C1303|Q2Z90|376a
C1303|Q2Z90|376b
C1303|Q2Z90|376c
C1303|Q2Z90|376d
C1501|R4Z93|226c
C1501|R4Z93|376g
C1502|R4Z93|226c
C1502|R4Z93|376g
C1503|R4Z93|226c
C1503|R4Z93|376g
C1504|R4Z93|226c
C1504|R4Z93|376g
D1101|S0Z20|683a
D1101|S0Z20|215d
D1102|S0Z20|683a
D1102|S0Z20|215d
D1103|S0Z20|683a
D1103|S0Z20|215d
D1104|S0Z20|683a
D1104|S0Z20|215d
D1101|S0Z40|636a
D1101|S0Z40|215b
D1101|S0Z40|625d
H2101|S0Z40|636a
H2101|S0Z40|215b
H2101|S0Z40|625d
D1102|S0Z42|215a
D1102|S0Z42|636c
D1104|S0Z42|215a
D1104|S0Z42|636c
D1103|S0Z41|636b
D1103|S0Z41|215c
D1105|R1Z60|219a
D1105|R1Z60|554a
D1106|R1Z60|219a
D1106|R1Z60|554a
D1107|R1Z60|219a
D1107|R1Z60|554a
D1201|R1Z62|554d
D1201|R1Z62|554e
D1201|R1Z62|554f
D1201|R1Z62|554g
D1209|R1Z62|554d
D1209|R1Z62|554e
D1209|R1Z62|554f
D1209|R1Z62|554g
D1210|R1Z62|554d
D1210|R1Z62|554e
D1210|R1Z62|554f
D1210|R1Z62|554g
D1211|R1Z62|554d
D1211|R1Z62|554e
D1211|R1Z62|554f
D1211|R1Z62|554g
D1214|R1Z62|554d
D1214|R1Z62|554e
D1214|R1Z62|554f
D1214|R1Z62|554g
D1202|T0Z60|562a
D1202|T0Z60|562b
D1202|T0Z60|217c
D1203|T0Z60|562a
D1203|T0Z60|562b
D1203|T0Z60|217c
D1208|T0Z60|562a
D1208|T0Z60|562b
D1208|T0Z60|217c
D1204|J5Z62|546b
G1101|J5Z62|546b
G1303|J5Z62|546b
N2201|J5Z62|546b
D1204|J5Z80|466a
D1204|J5Z80|226b
D1204|J5Z80|466b
G1102|J5Z80|466a
G1102|J5Z80|226b
G1102|J5Z80|466b
G1301|J5Z80|466a
G1301|J5Z80|226b
G1301|J5Z80|466b
G1303|J5Z80|466a
G1303|J5Z80|226b
G1303|J5Z80|466b
N1301|J5Z80|466a
N1301|J5Z80|226b
N1301|J5Z80|466b
N3201|J5Z80|466a
N3201|J5Z80|226b
N3201|J5Z80|466b
N3202|J5Z80|466a
N3202|J5Z80|226b
N3202|J5Z80|466b
N4201|J5Z80|466a
N4201|J5Z80|226b
N4201|J5Z80|466b
N4202|J5Z80|466a
N4202|J5Z80|226b
N4202|J5Z80|466b
N4203|J5Z80|466a
N4203|J5Z80|226b
N4203|J5Z80|466b
N4204|J5Z80|466a
N4204|J5Z80|226b
N4204|J5Z80|466b
D1212|R1Z61|554b
D1212|R1Z61|554c
D1213|R1Z63|556a
D1301|R4Z92|374a
D1504|R4Z92|374a
D1509|R4Z92|374a
D1401|L3Z80|461a
D1401|L3Z80|461b
D1401|L3Z80|461c
M1604|L3Z80|461a
M1604|L3Z80|461b
M1604|L3Z80|461c
M1607|L3Z80|461a
M1607|L3Z80|461b
M1607|L3Z80|461c
M1608|L3Z80|461a
M1608|L3Z80|461b
M1608|L3Z80|461c
M1609|L3Z80|461a
M1609|L3Z80|461b
M1609|L3Z80|461c
D1401|L0Z60|542a
D1401|L0Z60|542b
M1607|L0Z60|542a
M1607|L0Z60|542b
M1608|L0Z60|542a
M1608|L0Z60|542b
M1609|L0Z60|542a
M1609|L0Z60|542b
D1402|R2Z80|225a
D1402|R2Z80|463a
D1402|R2Z80|463b
D1402|R2Z80|463c
D1402|R2Z80|463d
D1405|R2Z80|225a
D1405|R2Z80|463a
D1405|R2Z80|463b
D1405|R2Z80|463c
D1405|R2Z80|463d
D1407|R2Z80|225a
D1407|R2Z80|463a
D1407|R2Z80|463b
D1407|R2Z80|463c
D1407|R2Z80|463d
D1403|R2Z83|463e
D1404|R2Z83|463e
D1501|R2Z83|463e
D1406|R4Z90|374b
D1406|R4Z90|374c
D1406|R4Z90|374d
D1506|R4Z90|374b
D1506|R4Z90|374c
D1506|R4Z90|374d
M1101|R4Z90|374b
M1101|R4Z90|374c
M1101|R4Z90|374d
M1102|R4Z90|374b
M1102|R4Z90|374c
M1102|R4Z90|374d
M1701|R4Z90|374b
M1701|R4Z90|374c
M1701|R4Z90|374d
M1702|R4Z90|374b
M1702|R4Z90|374c
M1702|R4Z90|374d
M1703|R4Z90|374b
M1703|R4Z90|374c
M1703|R4Z90|374d
M1704|R4Z90|374b
M1704|R4Z90|374c
M1704|R4Z90|374d
M1705|R4Z90|374b
M1705|R4Z90|374c
M1705|R4Z90|374d
M1707|R4Z90|374b
M1707|R4Z90|374c
M1707|R4Z90|374d
D1407|R4Z91|387a
D1407|R4Z91|383c
D1407|R4Z91|384c
D1407|R4Z91|385c
D1407|R4Z91|382d
D1407|R4Z91|388d
H1102|R4Z91|387a
H1102|R4Z91|383c
H1102|R4Z91|384c
H1102|R4Z91|385c
H1102|R4Z91|382d
H1102|R4Z91|388d
M1706|R4Z91|387a
M1706|R4Z91|383c
M1706|R4Z91|384c
M1706|R4Z91|385c
M1706|R4Z91|382d
M1706|R4Z91|388d
D1408|R1Z67|555a
D1501|R0Z60|551a
D1507|R0Z60|551a
D1502|R3Z80|220x
D1502|R3Z80|222a
D1502|R3Z80|223a
D1502|R3Z80|462a
D1502|R3Z80|222b
D1502|R3Z80|223b
D1502|R3Z80|462b
D1502|R3Z80|223c
D1502|R3Z80|223d
D1502|R3Z80|462d
D1502|R3Z80|223e
D1502|R3Z80|223f
D1502|R3Z80|223g
D1502|R3Z80|223h
D1503|R3Z80|220x
D1503|R3Z80|222a
D1503|R3Z80|223a
D1503|R3Z80|462a
D1503|R3Z80|222b
D1503|R3Z80|223b
D1503|R3Z80|462b
D1503|R3Z80|223c
D1503|R3Z80|223d
D1503|R3Z80|462d
D1503|R3Z80|223e
D1503|R3Z80|223f
D1503|R3Z80|223g
D1503|R3Z80|223h
D1506|R3Z80|220x
D1506|R3Z80|222a
D1506|R3Z80|223a
D1506|R3Z80|462a
D1506|R3Z80|222b
D1506|R3Z80|223b
D1506|R3Z80|462b
D1506|R3Z80|223c
D1506|R3Z80|223d
D1506|R3Z80|462d
D1506|R3Z80|223e
D1506|R3Z80|223f
D1506|R3Z80|223g
D1506|R3Z80|223h
D1508|R3Z80|220x
D1508|R3Z80|222a
D1508|R3Z80|223a
D1508|R3Z80|462a
D1508|R3Z80|222b
D1508|R3Z80|223b
D1508|R3Z80|462b
D1508|R3Z80|223c
D1508|R3Z80|223d
D1508|R3Z80|462d
D1508|R3Z80|223e
D1508|R3Z80|223f
D1508|R3Z80|223g
D1508|R3Z80|223h
D1505|R0Z61|552a
D1505|R0Z61|554j
E1101|U0Z90|375a
E1101|U0Z90|375b
E1103|U0Z90|375a
E1103|U0Z90|375b
E1107|U0Z90|375a
E1107|U0Z90|375b
E1401|U0Z90|375a
E1401|U0Z90|375b
E1402|U0Z90|375a
E1402|U0Z90|375b
L1303|U0Z90|375a
L1303|U0Z90|375b
E1101|U0Z80|464a
E1103|U0Z80|464a
E1107|U0Z80|464a
E1401|U0Z80|464a
E1402|U0Z80|464a
E1102|U1Z92|352b
E1105|U0Z92|352a
E1105|U0Z92|353a
E1106|U0Z92|352a
E1106|U0Z92|353a
E1108|U0Z81|464b
E1201|U1Z81|465c
E1202|F4Z20|675c
E1203|F4Z20|675c
E1301|F4Z20|675c
E1302|F4Z20|675c
E1304|F4Z20|675c
E1306|F4Z20|675c
E1307|F4Z20|675c
E1202|F4Z41|214c
E1202|F4Z41|627e
E1202|F4Z41|627f
E1203|F4Z41|214c
E1203|F4Z41|627e
E1203|F4Z41|627f
E1301|F4Z41|214c
E1301|F4Z41|627e
E1301|F4Z41|627f
E1302|F4Z41|214c
E1302|F4Z41|627e
E1302|F4Z41|627f
E1304|F4Z41|214c
E1304|F4Z41|627e
E1304|F4Z41|627f
E1306|F4Z41|214c
E1306|F4Z41|627e
E1306|F4Z41|627f
E1307|F4Z41|214c
E1307|F4Z41|627e
E1307|F4Z41|627f
E1204|U1Z80|353b
E1204|U1Z80|465b
E1204|U1Z80|353c
E1204|U1Z80|637c
L1302|U1Z80|353b
L1302|U1Z80|465b
L1302|U1Z80|353c
L1302|U1Z80|637c
L1304|U1Z80|353b
L1304|U1Z80|465b
L1304|U1Z80|353c
L1304|U1Z80|637c
L1501|U1Z80|353b
L1501|U1Z80|465b
L1501|U1Z80|353c
L1501|U1Z80|637c
L1502|U1Z80|353b
L1502|U1Z80|465b
L1502|U1Z80|353c
L1502|U1Z80|637c
L1503|U1Z80|353b
L1503|U1Z80|465b
L1503|U1Z80|353c
L1503|U1Z80|637c
L1504|U1Z80|353b
L1504|U1Z80|465b
L1504|U1Z80|353c
L1504|U1Z80|637c
L1505|U1Z80|353b
L1505|U1Z80|465b
L1505|U1Z80|353c
L1505|U1Z80|637c
L1506|U1Z80|353b
L1506|U1Z80|465b
L1506|U1Z80|353c
L1506|U1Z80|637c
L1507|U1Z80|353b
L1507|U1Z80|465b
L1507|U1Z80|353c
L1507|U1Z80|637c
L1508|U1Z80|353b
L1508|U1Z80|465b
L1508|U1Z80|353c
L1508|U1Z80|637c
L1509|U1Z80|353b
L1509|U1Z80|465b
L1509|U1Z80|353c
L1509|U1Z80|637c
E1303|F5Z70|476a
E1303|F5Z70|476b
E1303|F5Z70|485b
E1305|F5Z70|476a
E1305|F5Z70|476b
E1305|F5Z70|485b
E1308|F5Z70|476a
E1308|F5Z70|476b
E1308|F5Z70|485b
H1205|F5Z70|476a
H1205|F5Z70|476b
H1205|F5Z70|485b
H2204|F5Z70|476a
H2204|F5Z70|476b
H2204|F5Z70|485b
H2209|F5Z70|476a
H2209|F5Z70|476b
H2209|F5Z70|485b
H2412|F5Z70|476a
H2412|F5Z70|476b
H2412|F5Z70|485b
H2505|F5Z70|476a
H2505|F5Z70|476b
H2505|F5Z70|485b
F1101|B7Z90|382b
F1101|B7Z90|312f
F1102|B7Z90|382b
F1102|B7Z90|312f
F1103|B6Z71|472c
F1103|B6Z71|472d
F1103|B6Z71|211j
F1105|B6Z71|472c
F1105|B6Z71|472d
F1105|B6Z71|211j
F1106|B6Z71|472c
F1106|B6Z71|472d
F1106|B6Z71|211j
F1108|B6Z71|472c
F1108|B6Z71|472d
F1108|B6Z71|211j
F1204|B6Z71|472c
F1204|B6Z71|472d
F1204|B6Z71|211j
F1103|B7Z91|382a
F1103|B7Z91|382c
F1105|B7Z91|382a
F1105|B7Z91|382c
F1106|B7Z91|382a
F1106|B7Z91|382c
F1108|B7Z91|382a
F1108|B7Z91|382c
F1201|B7Z91|382a
F1201|B7Z91|382c
F1202|B7Z91|382a
F1202|B7Z91|382c
F1203|B7Z91|382a
F1203|B7Z91|382c
F1204|B7Z91|382a
F1204|B7Z91|382c
I1101|B7Z91|382a
I1101|B7Z91|382c
F1104|B6Z72|472a
F1107|B6Z70|472b
F1201|B6Z73|481a
F1201|B6Z73|481b
F1202|B6Z73|481a
F1202|B6Z73|481b
F1301|B5Z40|651a
F1301|B5Z40|621c
F1302|B5Z40|651a
F1302|B5Z40|621c
N1104|B5Z40|651a
N1104|B5Z40|621c
F1401|B0Z20|671a
F1401|B0Z20|671b
F1401|B0Z20|671c
F1401|B0Z20|671d
F1402|B0Z20|671a
F1402|B0Z20|671b
F1402|B0Z20|671c
F1402|B0Z20|671d
F1701|B0Z20|671a
F1701|B0Z20|671b
F1701|B0Z20|671c
F1701|B0Z20|671d
F1702|B0Z20|671a
F1702|B0Z20|671b
F1702|B0Z20|671c
F1702|B0Z20|671d
F1704|B0Z20|671a
F1704|B0Z20|671b
F1704|B0Z20|671c
F1704|B0Z20|671d
F1705|B0Z20|671a
F1705|B0Z20|671b
F1705|B0Z20|671c
F1705|B0Z20|671d
I1502|B0Z20|671a
I1502|B0Z20|671b
I1502|B0Z20|671c
I1502|B0Z20|671d
F1401|B1Z40|621a
F1401|B1Z40|621b
F1401|B1Z40|621d
F1401|B1Z40|621e
F1401|B1Z40|621f
F1401|B1Z40|621g
F1401|B1Z40|211h
F1402|B1Z40|621a
F1402|B1Z40|621b
F1402|B1Z40|621d
F1402|B1Z40|621e
F1402|B1Z40|621f
F1402|B1Z40|621g
F1402|B1Z40|211h
F1701|B1Z40|621a
F1701|B1Z40|621b
F1701|B1Z40|621d
F1701|B1Z40|621e
F1701|B1Z40|621f
F1701|B1Z40|621g
F1701|B1Z40|211h
F1702|B1Z40|621a
F1702|B1Z40|621b
F1702|B1Z40|621d
F1702|B1Z40|621e
F1702|B1Z40|621f
F1702|B1Z40|621g
F1702|B1Z40|211h
F1705|B1Z40|621a
F1705|B1Z40|621b
F1705|B1Z40|621d
F1705|B1Z40|621e
F1705|B1Z40|621f
F1705|B1Z40|621g
F1705|B1Z40|211h
I1502|B1Z40|621a
I1502|B1Z40|621b
I1502|B1Z40|621d
I1502|B1Z40|621e
I1502|B1Z40|621f
I1502|B1Z40|621g
I1502|B1Z40|211h
F1501|B0Z21|681a
F1502|B0Z21|681a
F1503|B0Z21|681a
F1608|B0Z21|681a
F1610|B0Z21|681a
F1611|B0Z21|681a
F1613|B0Z21|681a
F1703|B0Z21|681a
F1501|B2Z43|632c
F1503|B2Z43|632c
F1502|B2Z42|624d
F1601|B4Z44|211f
F1601|B4Z44|632g
F1601|B4Z44|632h
F1606|B4Z44|211f
F1606|B4Z44|632g
F1606|B4Z44|632h
F1609|B4Z44|211f
F1609|B4Z44|632g
F1609|B4Z44|632h
F1601|B3Z20|681b
F1602|B3Z20|681b
F1603|B3Z20|681b
F1604|B3Z20|681b
F1605|B3Z20|681b
F1606|B3Z20|681b
F1607|B3Z20|681b
F1609|B3Z20|681b
H2206|B3Z20|681b
F1602|B4Z43|633a
F1602|B4Z43|211e
F1605|B4Z43|633a
F1605|B4Z43|211e
F1603|B4Z41|211d
F1603|B4Z41|632f
F1604|B4Z42|211b
F1604|B4Z42|632d
F1604|B4Z42|632j
F1607|B4Z42|211b
F1607|B4Z42|632d
F1607|B4Z42|632j
H2206|B4Z42|211b
H2206|B4Z42|632d
H2206|B4Z42|632j
F1608|B2Z40|211a
F1608|B2Z40|632a
F1611|B2Z40|211a
F1611|B2Z40|632a
F1613|B2Z40|211a
F1613|B2Z40|632a
F1703|B2Z40|211a
F1703|B2Z40|632a
F1610|B2Z44|211c
F1610|B2Z44|632e
F1612|B2Z41|632b
F1612|B2Z41|214d
F1706|E0Z22|674d
H2801|E0Z22|674d
H2803|E0Z22|674d
H2907|E0Z22|674d
G1201|J5Z60|546d
G1201|J5Z60|546e
N2101|J5Z60|546d
N2101|J5Z60|546e
G1202|V5Z81|435a
G1202|V5Z81|435b
G1203|V5Z81|435a
G1203|V5Z81|435b
K1206|V5Z81|435a
K1206|V5Z81|435b
G1204|V5Z82|424a
L1401|V5Z82|424a
G1205|T6Z61|564b
G1205|T6Z61|227c
G1205|T6Z61|227d
G1206|T6Z61|564b
G1206|T6Z61|227c
G1206|T6Z61|227d
K1103|T6Z61|564b
K1103|T6Z61|227c
K1103|T6Z61|227d
K2601|T6Z61|564b
K2601|T6Z61|227c
K2601|T6Z61|227d
K2602|T6Z61|564b
K2602|T6Z61|227c
K2602|T6Z61|227d
K2603|T6Z61|564b
K2603|T6Z61|227c
K2603|T6Z61|227d
G1302|J6Z92|387b
N1301|J6Z92|387b
N1302|J6Z92|387b
G1401|S3Z90|377a
G1401|S3Z90|488b
G1402|S3Z90|377a
G1402|S3Z90|488b
G1403|S3Z90|377a
G1403|S3Z90|488b
G1404|S3Z90|377a
G1404|S3Z90|488b
G1501|S2Z60|561e
G1501|S2Z60|561f
G1502|S2Z60|561e
G1502|S2Z60|561f
G1702|S2Z60|561e
G1702|S2Z60|561f
G1703|S2Z60|561e
G1703|S2Z60|561f
G1503|S2Z81|468b
G1701|S2Z81|468b
G1601|S1Z80|488a
G1602|S1Z40|636d
G1603|S1Z20|561d
G1604|S1Z20|561d
G1605|S1Z20|561d
G1801|S2Z61|561a
G1801|S2Z61|561b
G1801|S2Z61|561c
G1803|S2Z61|561a
G1803|S2Z61|561b
G1803|S2Z61|561c
G1802|S2Z80|468a
G1804|S2Z80|468a
H1201|E1Z46|479a
H1201|E1Z46|625b
H1201|E1Z46|628f
H1503|E1Z46|479a
H1503|E1Z46|625b
H1503|E1Z46|628f
H1202|C2Z71|473a
H1203|D6Z71|474a
H1206|N0Z90|383a
H1206|N0Z90|384a
H1206|N0Z90|385a
H1206|N0Z90|386a
H1206|N0Z90|386b
H1206|N0Z90|386c
H1206|N0Z90|312e
M1808|N0Z90|383a
M1808|N0Z90|384a
M1808|N0Z90|385a
M1808|N0Z90|386a
M1808|N0Z90|386b
M1808|N0Z90|386c
M1808|N0Z90|312e
M1809|N0Z90|383a
M1809|N0Z90|384a
M1809|N0Z90|385a
M1809|N0Z90|386a
M1809|N0Z90|386b
M1809|N0Z90|386c
M1809|N0Z90|312e
H1207|C2Z70|473b
H1207|C2Z70|473c
H1209|C2Z70|473b
H1209|C2Z70|473c
H1504|C2Z70|473b
H1504|C2Z70|473c
H1210|E2Z70|475a
H1210|E2Z70|485a
H1210|E2Z70|475b
H1404|E2Z70|475a
H1404|E2Z70|485a
H1404|E2Z70|475b
H1503|E2Z70|475a
H1503|E2Z70|485a
H1503|E2Z70|475b
H1505|E2Z70|475a
H1505|E2Z70|485a
H1505|E2Z70|475b
H3202|E2Z70|475a
H3202|E2Z70|485a
H3202|E2Z70|475b
H1301|G1Z71|479b
I1103|G1Z71|479b
K2306|G1Z71|479b
H1301|H0Z90|380a
H1301|H0Z90|383b
H1301|H0Z90|384b
H1301|H0Z90|385b
H1301|H0Z90|386d
H1301|H0Z90|386e
H1505|H0Z90|380a
H1505|H0Z90|383b
H1505|H0Z90|384b
H1505|H0Z90|385b
H1505|H0Z90|386d
H1505|H0Z90|386e
H2502|H0Z90|380a
H2502|H0Z90|383b
H2502|H0Z90|384b
H2502|H0Z90|385b
H2502|H0Z90|386d
H2502|H0Z90|386e
H1401|H0Z92|387c
H1401|H0Z92|387d
H1402|H0Z92|387c
H1402|H0Z92|387d
H1501|H0Z92|387c
H1501|H0Z92|387d
H1502|H0Z92|387c
H1502|H0Z92|387d
H1403|J4Z80|477a
H1403|J4Z80|466c
N1201|J4Z80|477a
N1201|J4Z80|466c
N1202|J4Z80|477a
N1202|J4Z80|466c
N1301|J4Z80|477a
N1301|J4Z80|466c
N1303|J4Z80|477a
N1303|J4Z80|466c
N2204|J4Z80|477a
N2204|J4Z80|466c
N3201|J4Z80|477a
N3201|J4Z80|466c
N3202|J4Z80|477a
N3202|J4Z80|466c
N4201|J4Z80|477a
N4201|J4Z80|466c
N4202|J4Z80|477a
N4202|J4Z80|466c
N4203|J4Z80|477a
N4203|J4Z80|466c
N4204|J4Z80|477a
N4204|J4Z80|466c
H1504|C1Z40|622a
H1504|C1Z40|622b
H1504|C1Z40|622c
H1504|C1Z40|622d
H1504|C1Z40|622e
H1504|C1Z40|622f
H1504|C1Z40|622g
H2601|C1Z40|622a
H2601|C1Z40|622b
H2601|C1Z40|622c
H2601|C1Z40|622d
H2601|C1Z40|622e
H2601|C1Z40|622f
H2601|C1Z40|622g
H2602|C1Z40|622a
H2602|C1Z40|622b
H2602|C1Z40|622c
H2602|C1Z40|622d
H2602|C1Z40|622e
H2602|C1Z40|622f
H2602|C1Z40|622g
H2603|C1Z40|622a
H2603|C1Z40|622b
H2603|C1Z40|622c
H2603|C1Z40|622d
H2603|C1Z40|622e
H2603|C1Z40|622f
H2603|C1Z40|622g
H2604|C1Z40|622a
H2604|C1Z40|622b
H2604|C1Z40|622c
H2604|C1Z40|622d
H2604|C1Z40|622e
H2604|C1Z40|622f
H2604|C1Z40|622g
H2605|C1Z40|622a
H2605|C1Z40|622b
H2605|C1Z40|622c
H2605|C1Z40|622d
H2605|C1Z40|622e
H2605|C1Z40|622f
H2605|C1Z40|622g
H1506|D6Z70|474b
H1506|D6Z70|474c
H2908|D6Z70|474b
H2908|D6Z70|474c
H2910|D6Z70|474b
H2910|D6Z70|474c
H2912|D6Z70|474b
H2912|D6Z70|474c
H1506|D4Z40|624a
H1506|D4Z40|624b
H1506|D4Z40|624c
H1506|D4Z40|624e
H1506|D4Z40|624g
H2901|D4Z40|624a
H2901|D4Z40|624b
H2901|D4Z40|624c
H2901|D4Z40|624e
H2901|D4Z40|624g
H2909|D4Z40|624a
H2909|D4Z40|624b
H2909|D4Z40|624c
H2909|D4Z40|624e
H2909|D4Z40|624g
H2201|F3Z41|627d
H2202|F3Z41|627d
H2205|F3Z41|627d
H2203|E1Z44|626c
H3101|E1Z44|626c
H3102|E1Z44|626c
H2203|E0Z23|674e
H3101|E0Z23|674e
H3102|E0Z23|674e
H2301|E0Z20|674a
H3201|E0Z20|674a
H2301|E1Z41|625c
H3201|E1Z41|625c
H3202|E1Z41|625c
H2401|F1Z40|627a
H2401|F1Z40|627b
H2401|F1Z40|627c
H2402|F1Z40|627a
H2402|F1Z40|627b
H2402|F1Z40|627c
H2403|F1Z40|627a
H2403|F1Z40|627b
H2403|F1Z40|627c
H2404|F1Z40|627a
H2404|F1Z40|627b
H2404|F1Z40|627c
H2405|F1Z40|627a
H2405|F1Z40|627b
H2405|F1Z40|627c
H2406|F1Z40|627a
H2406|F1Z40|627b
H2406|F1Z40|627c
H2407|F1Z40|627a
H2407|F1Z40|627b
H2407|F1Z40|627c
H2408|F1Z40|627a
H2408|F1Z40|627b
H2408|F1Z40|627c
H2409|F1Z40|627a
H2409|F1Z40|627b
H2409|F1Z40|627c
H2410|F1Z40|627a
H2410|F1Z40|627b
H2410|F1Z40|627c
H2411|F1Z40|627a
H2411|F1Z40|627b
H2411|F1Z40|627c
H2412|F1Z40|627a
H2412|F1Z40|627b
H2412|F1Z40|627c
H2413|F1Z40|627a
H2413|F1Z40|627b
H2413|F1Z40|627c
H2414|F1Z40|627a
H2414|F1Z40|627b
H2414|F1Z40|627c
H2415|F1Z40|627a
H2415|F1Z40|627b
H2415|F1Z40|627c
K2201|F1Z40|627a
K2201|F1Z40|627b
K2201|F1Z40|627c
H2501|C2Z80|482a
H2503|D6Z80|483a
H2503|D6Z80|212c
H2503|D6Z80|212d
H2912|D6Z80|483a
H2912|D6Z80|212c
H2912|D6Z80|212d
H2504|E2Z80|484a
H2504|E2Z80|484b
H2601|C0Z20|672a
H2602|C0Z20|672a
H2603|C0Z20|672a
H2604|C0Z20|672a
H2605|C0Z20|672a
H2701|E1Z40|625a
H2701|E1Z40|626a
H2804|E1Z40|625a
H2804|E1Z40|626a
H2805|E1Z40|625a
H2805|E1Z40|626a
H2901|D3Z20|682a
H2901|D3Z20|673c
H2909|D3Z20|682a
H2909|D3Z20|673c
H2911|D3Z20|682a
H2911|D3Z20|673c
H2913|D3Z20|682a
H2913|D3Z20|673c
H3401|D3Z20|682a
H3401|D3Z20|673c
H3402|D3Z20|682a
H3402|D3Z20|673c
H3403|D3Z20|682a
H3403|D3Z20|673c
H3404|D3Z20|682a
H3404|D3Z20|673c
I1603|D3Z20|682a
I1603|D3Z20|673c
I1604|D3Z20|682a
I1604|D3Z20|673c
I1606|D3Z20|682a
I1606|D3Z20|673c
I1607|D3Z20|682a
I1607|D3Z20|673c
H2902|D0Z20|673a
H2902|D0Z20|673b
H2903|D0Z20|673a
H2903|D0Z20|673b
H2904|D0Z20|673a
H2904|D0Z20|673b
H2905|D0Z20|673a
H2905|D0Z20|673b
H2906|D0Z20|673a
H2906|D0Z20|673b
H2914|D0Z20|673a
H2914|D0Z20|673b
H3203|D0Z20|673a
H3203|D0Z20|673b
H2902|D2Z40|623a
H2902|D2Z40|212b
H2902|D2Z40|634b
H2902|D2Z40|211g
H2904|D2Z40|623a
H2904|D2Z40|212b
H2904|D2Z40|634b
H2904|D2Z40|211g
H2911|D2Z40|623a
H2911|D2Z40|212b
H2911|D2Z40|634b
H2911|D2Z40|211g
H2903|D1Z41|623f
H2903|D1Z41|623g
H2905|D1Z41|623f
H2905|D1Z41|623g
H2906|D1Z41|623f
H2906|D1Z41|623g
H2908|D1Z41|623f
H2908|D1Z41|623g
H2910|D1Z41|623f
H2910|D1Z41|623g
H3203|D1Z41|623f
H3203|D1Z41|623g
H2912|D1Z40|628c
H2912|D1Z40|628d
H2913|D2Z42|623c
H2913|D2Z42|623d
H2913|D2Z42|623e
H2914|D2Z41|623b
H3301|E1Z47|628g
H3303|E1Z47|628g
H3301|E0Z24|676e
H3302|E0Z24|676e
H3303|E0Z24|676e
H3401|D4Z41|624f
H3402|D4Z41|624f
H3403|D4Z41|624f
H3404|D4Z41|624f
I1201|T4Z62|684b
I1201|T4Z62|628e
I1202|T4Z62|684b
I1202|T4Z62|628e
I1503|T4Z62|684b
I1503|T4Z62|628e
K2301|T4Z62|684b
K2301|T4Z62|628e
K2303|T4Z62|684b
K2303|T4Z62|628e
K2304|T4Z62|684b
K2304|T4Z62|628e
K2305|T4Z62|684b
K2305|T4Z62|628e
I1203|G0A43|632k
I1203|G1Z80|486e
I1303|G0A41|628b
I1303|G0A41|633d
I1309|G0A41|628b
I1309|G0A41|633d
I1401|M1Z81|478b
I1401|M1Z81|478c
I1401|M1Z81|478d
M1801|M1Z81|478b
M1801|M1Z81|478c
M1801|M1Z81|478d
M1810|M1Z81|478b
M1810|M1Z81|478c
M1810|M1Z81|478d
I1401|M2Z91|388b
I1402|G0A42|633b
I1402|G0A42|216c
I1501|T4Z60|525a
I1501|T4Z60|684a
I1501|T4Z60|525b
I1501|T4Z60|525c
I1501|T4Z60|217e
K2202|T4Z60|525a
K2202|T4Z60|684a
K2202|T4Z60|525b
K2202|T4Z60|525c
K2202|T4Z60|217e
K2203|T4Z60|525a
K2203|T4Z60|684a
K2203|T4Z60|525b
K2203|T4Z60|525c
K2203|T4Z60|217e
K2204|T4Z60|525a
K2204|T4Z60|684a
K2204|T4Z60|525b
K2204|T4Z60|525c
K2204|T4Z60|217e
I1603|G0B41|212a
I1603|G0B41|216a
I1603|G0B41|633c
I1603|G0B41|634c
I1604|G0B41|212a
I1604|G0B41|216a
I1604|G0B41|633c
I1604|G0B41|634c
I1607|G0B41|212a
I1607|G0B41|216a
I1607|G0B41|633c
I1607|G0B41|634c
I1606|G0B40|634a
I1606|G0B40|216b
J1101|V2Z90|311a
J1101|V2Z90|344a
J1101|V2Z90|311b
J1101|V2Z90|344b
J1101|V2Z90|344c
J1102|V2Z90|311a
J1102|V2Z90|344a
J1102|V2Z90|311b
J1102|V2Z90|344b
J1102|V2Z90|344c
K1402|V2Z90|311a
K1402|V2Z90|344a
K1402|V2Z90|311b
K1402|V2Z90|344b
K1402|V2Z90|344c
J1103|V2Z91|311c
J1104|V1Z81|431e
J1201|V2Z93|344d
J1201|V2Z93|311f
J1202|V2Z93|344d
J1202|V2Z93|311f
J1301|T4Z61|525d
J1302|V3Z70|433a
J1302|V3Z70|433d
J1306|V3Z70|433a
J1306|V3Z70|433d
J1307|V3Z70|433a
J1307|V3Z70|433d
J1305|J3Z40|217a
J1305|J3Z40|642a
J1305|J3Z40|642b
J1305|J3Z40|526e
N4102|J3Z40|217a
N4102|J3Z40|642a
N4102|J3Z40|642b
N4102|J3Z40|526e
J1401|V3Z71|433b
J1401|V3Z71|433c
J1405|V3Z71|433b
J1405|V3Z71|433c
J1410|V3Z71|433b
J1410|V3Z71|433c
J1411|V3Z71|433b
J1411|V3Z71|433c
J1402|V3Z80|432a
J1402|V3Z80|432b
J1402|V3Z80|432c
J1402|V3Z80|432d
J1403|V3Z80|432a
J1403|V3Z80|432b
J1403|V3Z80|432c
J1403|V3Z80|432d
J1404|V3Z80|432a
J1404|V3Z80|432b
J1404|V3Z80|432c
J1404|V3Z80|432d
J1406|V3Z80|432a
J1406|V3Z80|432b
J1406|V3Z80|432c
J1406|V3Z80|432d
J1407|V3Z80|432a
J1407|V3Z80|432b
J1407|V3Z80|432c
J1407|V3Z80|432d
J1408|V3Z80|432a
J1408|V3Z80|432b
J1408|V3Z80|432c
J1408|V3Z80|432d
J1409|V3Z80|432a
J1409|V3Z80|432b
J1409|V3Z80|432c
J1409|V3Z80|432d
J1412|V3Z80|432a
J1412|V3Z80|432b
J1412|V3Z80|432c
J1412|V3Z80|432d
J1502|V1Z80|431a
J1502|V1Z80|431b
J1502|V1Z80|431c
J1502|V1Z80|431d
J1502|V1Z80|431f
J1502|V1Z80|431g
J1503|V1Z80|431a
J1503|V1Z80|431b
J1503|V1Z80|431c
J1503|V1Z80|431d
J1503|V1Z80|431f
J1503|V1Z80|431g
J1504|V1Z80|431a
J1504|V1Z80|431b
J1504|V1Z80|431c
J1504|V1Z80|431d
J1504|V1Z80|431f
J1504|V1Z80|431g
J1505|V1Z80|431a
J1505|V1Z80|431b
J1505|V1Z80|431c
J1505|V1Z80|431d
J1505|V1Z80|431f
J1505|V1Z80|431g
J1506|V1Z80|431a
J1506|V1Z80|431b
J1506|V1Z80|431c
J1506|V1Z80|431d
J1506|V1Z80|431f
J1506|V1Z80|431g
J1507|V1Z80|431a
J1507|V1Z80|431b
J1507|V1Z80|431c
J1507|V1Z80|431d
J1507|V1Z80|431f
J1507|V1Z80|431g
K1101|V4Z85|434b
K1101|V4Z85|434c
K1102|V4Z85|434b
K1102|V4Z85|434c
K1201|V4Z85|434b
K1201|V4Z85|434c
K1205|V4Z85|434b
K1205|V4Z85|434c
K1104|V3Z90|311d
K1202|V4Z83|434a
K1202|V4Z83|434d
K1202|V4Z83|434e
K1202|V4Z83|434f
K1202|V4Z83|434g
K1203|V4Z83|434a
K1203|V4Z83|434d
K1203|V4Z83|434e
K1203|V4Z83|434f
K1203|V4Z83|434g
K1204|V4Z83|434a
K1204|V4Z83|434d
K1204|V4Z83|434e
K1204|V4Z83|434f
K1204|V4Z83|434g
K1207|V4Z83|434a
K1207|V4Z83|434d
K1207|V4Z83|434e
K1207|V4Z83|434f
K1207|V4Z83|434g
K1302|T2A60|563b
K1305|T2A60|563b
K1303|T2B60|563a
K1304|T1Z60|563c
K1401|P2Z90|331a
K1401|P2Z90|332a
K1401|P2Z90|351a
K1401|P2Z90|332b
K1401|P2Z90|333b
K1401|P2Z90|333e
K1401|P2Z90|333f
K1403|P2Z90|331a
K1403|P2Z90|332a
K1403|P2Z90|351a
K1403|P2Z90|332b
K1403|P2Z90|333b
K1403|P2Z90|333e
K1403|P2Z90|333f
K1404|P2Z90|331a
K1404|P2Z90|332a
K1404|P2Z90|351a
K1404|P2Z90|332b
K1404|P2Z90|333b
K1404|P2Z90|333e
K1404|P2Z90|333f
K1405|P2Z90|331a
K1405|P2Z90|332a
K1405|P2Z90|351a
K1405|P2Z90|332b
K1405|P2Z90|333b
K1405|P2Z90|333e
K1405|P2Z90|333f
K1502|P2Z90|331a
K1502|P2Z90|332a
K1502|P2Z90|351a
K1502|P2Z90|332b
K1502|P2Z90|333b
K1502|P2Z90|333e
K1502|P2Z90|333f
K1503|P2Z90|331a
K1503|P2Z90|332a
K1503|P2Z90|351a
K1503|P2Z90|332b
K1503|P2Z90|333b
K1503|P2Z90|333e
K1503|P2Z90|333f
K1504|P2Z90|331a
K1504|P2Z90|332a
K1504|P2Z90|351a
K1504|P2Z90|332b
K1504|P2Z90|333b
K1504|P2Z90|333e
K1504|P2Z90|333f
K1505|P2Z90|331a
K1505|P2Z90|332a
K1505|P2Z90|351a
K1505|P2Z90|332b
K1505|P2Z90|333b
K1505|P2Z90|333e
K1505|P2Z90|333f
K1602|P2Z90|331a
K1602|P2Z90|332a
K1602|P2Z90|351a
K1602|P2Z90|332b
K1602|P2Z90|333b
K1602|P2Z90|333e
K1602|P2Z90|333f
K1802|P2Z90|331a
K1802|P2Z90|332a
K1802|P2Z90|351a
K1802|P2Z90|332b
K1802|P2Z90|333b
K1802|P2Z90|333e
K1802|P2Z90|333f
K1501|P0Z60|522a
K1502|P1Z81|451e
K1502|P1Z81|451f
K1502|P1Z81|451g
K1502|P1Z81|451h
K1503|P1Z80|451c
K1504|P1Z80|451c
K1505|P1Z80|451c
K1601|U0Z91|425a
K1601|U0Z91|372f
K1701|P4Z60|531a
K1701|P4Z60|532a
K1701|P4Z60|533a
K1701|P4Z60|532b
K1701|P4Z60|531c
K1701|P4Z60|532c
K1705|P4Z60|531a
K1705|P4Z60|532a
K1705|P4Z60|533a
K1705|P4Z60|532b
K1705|P4Z60|531c
K1705|P4Z60|532c
K1706|P4Z60|531a
K1706|P4Z60|532a
K1706|P4Z60|533a
K1706|P4Z60|532b
K1706|P4Z60|531c
K1706|P4Z60|532c
K1702|P4Z80|452a
K1702|P4Z80|452b
K1703|P4Z80|452a
K1703|P4Z80|452b
K1704|P4Z80|452a
K1704|P4Z80|452b
K1707|P4Z61|531b
K1801|V4Z80|343a
K2112|V4Z80|343a
K1901|P3Z90|312a
K1901|P3Z90|312b
K1901|P3Z90|312g
K1902|P3Z90|312a
K1902|P3Z90|312b
K1902|P3Z90|312g
K1903|L5Z91|372e
K1904|P3Z91|333a
K2101|L5Z92|372c
K2101|L5Z92|372d
K2102|L5Z92|372c
K2102|L5Z92|372d
M1502|L5Z92|372c
M1502|L5Z92|372d
M1503|L5Z92|372c
M1503|L5Z92|372d
K2103|W0Z91|227b
K2103|W0Z91|341b
K2104|V5Z84|422d
K2104|V5Z84|422e
K2105|U1Z91|354b
K2105|U1Z91|354c
K2105|U1Z91|354d
K2105|U1Z91|354e
K2105|U1Z91|354f
K2105|U1Z91|354g
L1101|U1Z91|354b
L1101|U1Z91|354c
L1101|U1Z91|354d
L1101|U1Z91|354e
L1101|U1Z91|354f
L1101|U1Z91|354g
L1102|U1Z91|354b
L1102|U1Z91|354c
L1102|U1Z91|354d
L1102|U1Z91|354e
L1102|U1Z91|354f
L1102|U1Z91|354g
L1103|U1Z91|354b
L1103|U1Z91|354c
L1103|U1Z91|354d
L1103|U1Z91|354e
L1103|U1Z91|354f
L1103|U1Z91|354g
L1201|U1Z91|354b
L1201|U1Z91|354c
L1201|U1Z91|354d
L1201|U1Z91|354e
L1201|U1Z91|354f
L1201|U1Z91|354g
L1202|U1Z91|354b
L1202|U1Z91|354c
L1202|U1Z91|354d
L1202|U1Z91|354e
L1202|U1Z91|354f
L1202|U1Z91|354g
L1203|U1Z91|354b
L1203|U1Z91|354c
L1203|U1Z91|354d
L1203|U1Z91|354e
L1203|U1Z91|354f
L1203|U1Z91|354g
L1204|U1Z91|354b
L1204|U1Z91|354c
L1204|U1Z91|354d
L1204|U1Z91|354e
L1204|U1Z91|354f
L1204|U1Z91|354g
L1301|U1Z91|354b
L1301|U1Z91|354c
L1301|U1Z91|354d
L1301|U1Z91|354e
L1301|U1Z91|354f
L1301|U1Z91|354g
K2106|W0Z80|421a
K2106|W0Z80|421b
K2107|W0Z90|341a
K2107|W0Z90|422a
K2107|W0Z90|422b
K2107|W0Z90|422c
K2109|W0Z90|341a
K2109|W0Z90|422a
K2109|W0Z90|422b
K2109|W0Z90|422c
K2108|W0Z92|342a
K2108|W0Z92|342b
K2108|W0Z92|342c
K2108|W0Z92|342d
K2110|W1Z80|423a
K2110|W1Z80|423b
K2111|W1Z80|423a
K2111|W1Z80|423b
K2401|N0Z91|342e
K2401|N0Z91|342f
K2401|N0Z91|342g
K2401|N0Z91|342h
K2402|N0Z91|342e
K2402|N0Z91|342f
K2402|N0Z91|342g
K2402|N0Z91|342h
K2501|T3Z60|564a
K2502|T3Z61|534a
K2502|T3Z61|534b
K2503|T3Z61|534a
K2503|T3Z61|534b
M1101|R3Z82|462c
M1101|R3Z82|462e
M1102|R3Z82|462c
M1102|R3Z82|462e
M1201|L5Z90|372a
M1201|L5Z90|373a
M1201|L5Z90|372b
M1201|L5Z90|373b
M1201|L5Z90|312c
M1201|L5Z90|373c
M1201|L5Z90|312d
M1201|L5Z90|373d
M1202|L5Z90|372a
M1202|L5Z90|373a
M1202|L5Z90|372b
M1202|L5Z90|373b
M1202|L5Z90|312c
M1202|L5Z90|373c
M1202|L5Z90|312d
M1202|L5Z90|373d
M1203|L5Z90|372a
M1203|L5Z90|373a
M1203|L5Z90|372b
M1203|L5Z90|373b
M1203|L5Z90|312c
M1203|L5Z90|373c
M1203|L5Z90|312d
M1203|L5Z90|373d
M1204|L5Z90|372a
M1204|L5Z90|373a
M1204|L5Z90|372b
M1204|L5Z90|373b
M1204|L5Z90|312c
M1204|L5Z90|373c
M1204|L5Z90|312d
M1204|L5Z90|373d
M1205|L5Z90|372a
M1205|L5Z90|373a
M1205|L5Z90|372b
M1205|L5Z90|373b
M1205|L5Z90|312c
M1205|L5Z90|373c
M1205|L5Z90|312d
M1205|L5Z90|373d
M1206|L5Z90|372a
M1206|L5Z90|373a
M1206|L5Z90|372b
M1206|L5Z90|373b
M1206|L5Z90|312c
M1206|L5Z90|373c
M1206|L5Z90|312d
M1206|L5Z90|373d
M1207|L5Z90|372a
M1207|L5Z90|373a
M1207|L5Z90|372b
M1207|L5Z90|373b
M1207|L5Z90|312c
M1207|L5Z90|373c
M1207|L5Z90|312d
M1207|L5Z90|373d
M1402|L5Z90|372a
M1402|L5Z90|373a
M1402|L5Z90|372b
M1402|L5Z90|373b
M1402|L5Z90|312c
M1402|L5Z90|373c
M1402|L5Z90|312d
M1402|L5Z90|373d
M1403|L5Z90|372a
M1403|L5Z90|373a
M1403|L5Z90|372b
M1403|L5Z90|373b
M1403|L5Z90|312c
M1403|L5Z90|373c
M1403|L5Z90|312d
M1403|L5Z90|373d
M1203|L1Z60|543a
M1203|L1Z60|543b
M1203|L1Z60|543c
M1203|L4Z81|461d
M1301|L6Z90|231a
M1301|L6Z90|371a
M1302|L6Z00|232a
M1302|L6Z00|233a
M1302|L6Z00|233b
M1302|L6Z00|233c
M1302|L6Z00|233d
M1401|L2Z61|543d
M1401|L2Z61|543e
M1401|L2Z61|543f
M1401|L2Z61|543g
M1401|L2Z61|543h
M1501|L2Z61|543d
M1501|L2Z61|543e
M1501|L2Z61|543f
M1501|L2Z61|543g
M1501|L2Z61|543h
M1602|L2Z61|543d
M1602|L2Z61|543e
M1602|L2Z61|543f
M1602|L2Z61|543g
M1602|L2Z61|543h
M1605|L2Z61|543d
M1605|L2Z61|543e
M1605|L2Z61|543f
M1605|L2Z61|543g
M1605|L2Z61|543h
M1606|L2Z61|543d
M1606|L2Z61|543e
M1606|L2Z61|543f
M1606|L2Z61|543g
M1606|L2Z61|543h
M1404|L4Z80|461e
M1404|L4Z80|461f
M1501|L4Z80|461e
M1501|L4Z80|461f
M1605|L4Z80|461e
M1605|L4Z80|461f
M1601|L2Z60|313a
M1601|L2Z60|541a
M1601|L2Z60|541b
M1601|L2Z60|541c
M1601|L2Z60|541d
M1603|J3Z42|643a
M1603|J3Z42|644a
N4104|J3Z42|643a
N4104|J3Z42|644a
N4105|J3Z42|643a
N4105|J3Z42|644a
M1801|M2Z90|388a
M1801|M2Z90|388c
M1802|M2Z90|388a
M1802|M2Z90|388c
M1803|M2Z90|388a
M1803|M2Z90|388c
M1805|M2Z90|388a
M1805|M2Z90|388c
M1806|M2Z90|388a
M1806|M2Z90|388c
M1810|M2Z90|388a
M1810|M2Z90|388c
M1801|M0Z60|544a
M1805|M0Z60|544a
M1810|M0Z60|544a
M1804|M2Z92|388e
M1807|M2Z92|388e
M1805|M1Z80|478a
N1101|J1Z40|652a
N1101|J1Z40|653a
N1101|J1Z40|652b
N1102|J1Z40|652a
N1102|J1Z40|653a
N1102|J1Z40|652b
N1103|J1Z40|652a
N1103|J1Z40|653a
N1103|J1Z40|652b
N1105|J1Z40|652a
N1105|J1Z40|653a
N1105|J1Z40|652b
N2203|J1Z40|652a
N2203|J1Z40|653a
N2203|J1Z40|652b
N3203|J1Z40|652a
N3203|J1Z40|653a
N3203|J1Z40|652b
N1101|J0Z20|676a
N1101|J0Z20|676b
N1101|J0Z20|676c
N1101|J0Z20|676d
N1102|J0Z20|676a
N1102|J0Z20|676b
N1102|J0Z20|676c
N1102|J0Z20|676d
N1103|J0Z20|676a
N1103|J0Z20|676b
N1103|J0Z20|676c
N1103|J0Z20|676d
N1105|J0Z20|676a
N1105|J0Z20|676b
N1105|J0Z20|676c
N1105|J0Z20|676d
N2203|J0Z20|676a
N2203|J0Z20|676b
N2203|J0Z20|676c
N2203|J0Z20|676d
N3203|J0Z20|676a
N3203|J0Z20|676b
N3203|J0Z20|676c
N3203|J0Z20|676d
N1103|J1Z80|487a
N1103|J1Z80|487b
N1302|J1Z80|487a
N1302|J1Z80|487b
N1201|J5Z61|546c
N1202|J5Z61|546c
N2102|J6Z91|389b
N2202|J6Z90|389a
N2202|J6Z90|451d
N2205|J6Z90|389a
N2205|J6Z90|451d
N3201|J6Z90|389a
N3201|J6Z90|451d
N3202|J6Z90|389a
N3202|J6Z90|451d
N4201|J6Z90|389a
N4201|J6Z90|451d
N4202|J6Z90|389a
N4202|J6Z90|451d
N4203|J6Z90|389a
N4203|J6Z90|451d
N4204|J6Z90|389a
N4204|J6Z90|451d
N3102|A3Z41|656a
N3102|A3Z41|656b
N3102|A3Z41|656c
N3103|A3Z41|656a
N3103|A3Z41|656b
N3103|A3Z41|656c
N4101|J3Z43|218a
N4101|J3Z43|641a
N4101|J3Z43|217b
N4103|J3Z41|641b
N4301|J3Z44|654a
N4301|J3Z44|651b
N4301|J3Z44|654b
N4301|J3Z44|654c
N4402|J3Z44|654a
N4402|J3Z44|651b
N4402|J3Z44|654b
N4402|J3Z44|654c
N4302|J4Z60|546a
N4401|J4Z40|655a
N4403|J4Z40|655a
